{
  "project_info": {
    "project_number": "475133120518",
    "project_id": "androidfi",
    "storage_bucket": "androidfi.appspot.com"
  },
  "client": [
    {
      "client_info": {
        "mobilesdk_app_id": "1:475133120518:android:a323c2079ead32230cf387",
        "android_client_info": {
          "package_name": "com.example.sanae_belfrouh_projet"
        }
      },
      "oauth_client": [
        {
          "client_id": "475133120518-3jvr7v3orv8r7conda356pe8fh29frnc.apps.googleusercontent.com",
          "client_type": 3
        }
      ],
      "api_key": [
        {
          "current_key": "AIzaSyCuHE6iSgs-QYmrAkreMH86ClefvUXzwcE"
        }
      ],
      "services": {
        "appinvite_service": {
          "other_platform_oauth_client": [
            {
              "client_id": "475133120518-3jvr7v3orv8r7conda356pe8fh29frnc.apps.googleusercontent.com",
              "client_type": 3
            }
          ]
        }
      }
    }
  ],
  "configuration_version": "1"
}