{
  "project_info": {
    "project_number": "917452632774",
    "firebase_url": "https://androiddb-c5131-default-rtdb.firebaseio.com",
    "project_id": "androiddb-c5131",
    "storage_bucket": "androiddb-c5131.appspot.com"
  },
  "client": [
    {
      "client_info": {
        "mobilesdk_app_id": "1:917452632774:android:a2cfa5729fdfd382bfddc7",
        "android_client_info": {
          "package_name": "com.example.sanae_belfrouh_projet"
        }
      },
      "oauth_client": [
        {
          "client_id": "917452632774-ku1obipm0hg8ptfgolp0c7eh58pg2q8c.apps.googleusercontent.com",
          "client_type": 3
        }
      ],
      "api_key": [
        {
          "current_key": "AIzaSyBkCabEzEbmW6CwiazgfSf4yL4cljiRzgM"
        }
      ],
      "services": {
        "appinvite_service": {
          "other_platform_oauth_client": [
            {
              "client_id": "917452632774-ku1obipm0hg8ptfgolp0c7eh58pg2q8c.apps.googleusercontent.com",
              "client_type": 3
            }
          ]
        }
      }
    }
  ],
  "configuration_version": "1"
}